index, name
 1,桐壺
 2,帚木_(源氏物語)
 3,空蝉_(源氏物語)
 4,夕顔_(源氏物語)
 5,若紫
 6,末摘花_(源氏物語)
 7,紅葉賀
 8,花宴
 9,葵_(源氏物語)
10,賢木
11,花散里
12,須磨_(源氏物語)
13,明石_(源氏物語)
14,澪標_(源氏物語)
15,蓬生
16,関屋_(源氏物語)
17,絵合
18,松風_(源氏物語)
19,薄雲_(源氏物語)
20,朝顔_(源氏物語)
21,少女_(源氏物語)
22,玉鬘_(源氏物語)
23,初音_(源氏物語)
24,胡蝶_(源氏物語)
25,蛍_(源氏物語)
26,常夏
27,篝火
28,野分_(源氏物語)
29,行幸_(源氏物語)
30,藤袴
31,真木柱
32,梅枝
33,藤裏葉
34,若菜_(源氏物語)
35,柏木_(源氏物語)
36,横笛_(源氏物語)
37,鈴虫_(源氏物語)
38,夕霧_(源氏物語)
39,御法
40,幻_(源氏物語)
41,雲隠
42,匂宮
43,紅梅_(源氏物語)
44,竹河
45,橋姫_(源氏物語)
46,椎本
47,総角_(源氏物語)
48,早蕨
49,宿木
50,東屋_(源氏物語)
51,浮舟_(源氏物語)
52,蜻蛉_(源氏物語)
53,手習_(源氏物語)
54,夢浮橋